﻿{
    "hBD24-003_P.png":  {
                            "name":  "戌神ころね",
                            "タイプ":  [
                                        "推しホロメン"
                                    ],
                            "Bloom":  [

                                      ],
                            "色":  [
                                      "黄"
                                  ],
                            "yomi":  "いぬがみころね"
                        },
    "hBD24-013_P.png":  {
                            "name":  "紫咲シオン",
                            "タイプ":  [
                                        "推しホロメン"
                                    ],
                            "Bloom":  [

                                      ],
                            "色":  [
                                      "紫"
                                  ],
                            "yomi":  "むらさきしおん"
                        },
    "hBD24-011_P.png":  {
                            "name":  "ネリッサ・レイヴンクロフト",
                            "タイプ":  [
                                        "推しホロメン"
                                    ],
                            "Bloom":  [

                                      ],
                            "色":  [
                                      "紫"
                                  ],
                            "yomi":  ""
                        },
    "hBD24-001_P.png":  {
                            "name":  "パヴォリア・レイネ",
                            "タイプ":  [
                                        "推しホロメン"
                                    ],
                            "Bloom":  [

                                      ],
                            "色":  [
                                      "緑"
                                  ],
                            "yomi":  ""
                        },
    "hBD24-002_P.png":  {
                            "name":  "獅白ぼたん",
                            "タイプ":  [
                                        "推しホロメン"
                                    ],
                            "Bloom":  [

                                      ],
                            "色":  [
                                      "緑"
                                  ],
                            "yomi":  "ししろぼたん"
                        },
    "hBD24-012_P.png":  {
                            "name":  "白銀ノエル",
                            "タイプ":  [
                                        "推しホロメン"
                                    ],
                            "Bloom":  [

                                      ],
                            "色":  [
                                      "白"
                                  ],
                            "yomi":  "しろがねのえる"
                        }
}
